start_time,end_time,sleep_quality,regularity,alarm_mode,air_pressure,movements_per_hour,bed_time,asleep_time,fall_asleep_time,alarm_start,alarm_stop,snore,snore_time
2021-02-17 23:30:06,2021-02-18 06:49:30,0.75,0.00,Normal,100.60,72.50,26364.20,19333.80,2021.30,2021-02-18 06:20:00,2021-02-18 06:50:00,true,0.00
2021-02-18 23:32:30,2021-02-19 07:25:13,0.74,0.00,Normal,100.70,87.50,28363.50,23730.80,1323.60,2021-02-19 07:05:00,2021-02-19 07:35:00,true,60.00
2021-02-20 04:24:55,2021-02-20 11:04:00,0.68,0.29,No alarm,100.90,80.90,23945.30,18198.40,1676.20,,,true,0.00
2021-02-21 00:05:00,2021-02-21 08:32:39,0.98,0.36,No alarm,101.10,65.30,30459.70,24367.70,2030.60,,,true,0.00
2021-02-22 00:09:07,2021-02-22 07:24:00,0.68,0.54,Normal,101.10,85.40,26092.60,20787.10,2261.40,2021-02-22 07:10:00,2021-02-22 07:40:00,true,60.00
2021-02-22 23:23:44,2021-02-23 07:13:46,0.90,0.75,Normal,101.20,66.60,28201.70,24347.50,1974.10,2021-02-23 07:00:00,2021-02-23 07:30:00,true,0.00
2021-02-23 23:04:53,2021-02-24 07:01:12,0.82,0.93,Normal,101.10,76.20,28579.60,23340.00,1810.00,2021-02-24 06:40:00,2021-02-24 07:10:00,true,0.00
2021-02-24 23:32:37,2021-02-25 07:14:45,0.85,0.94,Normal,101.00,70.20,27727.50,22551.70,554.60,2021-02-25 07:05:00,2021-02-25 07:35:00,true,0.00
2021-02-26 02:53:52,2021-02-26 07:49:38,0.60,0.86,Normal,100.80,52.20,17746.70,13783.30,354.90,2021-02-26 07:25:00,2021-02-26 07:55:00,true,0.00
2021-02-28 04:07:28,2021-02-28 11:12:17,0.59,0.64,No alarm,101.10,99.00,25488.60,20985.60,509.80,,,true,60.00
2021-03-01 00:49:25,2021-03-01 07:49:51,0.85,0.53,Normal,101.10,49.70,25225.80,21105.60,504.50,2021-03-01 07:20:00,2021-03-01 07:50:00,true,0.00
2021-03-01 22:59:02,2021-03-02 07:20:36,0.91,0.62,Normal,101.20,66.60,30093.30,23773.70,1203.70,2021-03-02 06:50:00,2021-03-02 07:20:00,true,0.00
2021-03-02 23:00:24,2021-03-03 07:04:26,0.88,0.74,Normal,101.40,65.80,29041.50,24588.40,1355.30,2021-03-03 06:50:00,2021-03-03 07:20:00,true,0.00
2021-03-04 02:01:40,2021-03-04 07:38:42,0.70,0.83,Normal,101.20,38.70,20222.40,17054.20,741.50,2021-03-04 07:10:00,2021-03-04 07:40:00,true,60.00
2021-03-05 00:00:57,2021-03-05 07:19:51,0.74,0.83,Normal,101.00,72.30,26334.40,21594.20,877.80,2021-03-05 06:50:00,2021-03-05 07:20:00,true,0.00
2021-03-06 00:11:11,2021-03-06 08:15:53,0.66,0.80,Normal,100.60,105.00,29082.50,25689.60,581.70,2021-03-06 07:45:00,2021-03-06 08:15:00,true,120.00
2021-03-07 02:44:40,2021-03-07 10:48:17,0.76,0.76,Normal,100.80,85.60,29016.30,25340.90,580.30,2021-03-07 10:45:00,2021-03-07 11:15:00,true,0.00
2021-03-08 00:04:04,2021-03-08 06:31:08,0.62,0.63,Normal,100.90,83.80,23224.20,19198.70,464.50,2021-03-08 06:00:00,2021-03-08 06:30:00,true,0.00
2021-03-08 23:44:20,2021-03-09 07:24:01,0.72,0.63,Normal,100.90,85.70,27580.40,24546.50,551.60,2021-03-09 06:55:00,2021-03-09 07:25:00,true,0.00
2021-03-10 00:11:48,2021-03-10 06:26:34,0.71,0.73,Normal,100.80,58.20,22485.80,17239.10,1574.00,2021-03-10 05:55:00,2021-03-10 06:25:00,true,60.00
2021-03-11 22:23:19,2021-03-12 06:25:36,0.95,0.87,Normal,101.10,50.60,28936.90,24500.00,1253.90,2021-03-12 05:55:00,2021-03-12 06:25:00,true,0.00
2021-03-13 03:07:47,2021-03-13 11:02:34,0.89,0.53,No alarm,101.00,57.40,28487.00,23264.40,569.70,,,true,0.00
2021-03-14 03:53:00,2021-03-14 11:40:54,0.64,0.55,No alarm,101.20,104.60,28074.70,22272.60,561.50,,,true,0.00
2021-03-15 00:33:27,2021-03-15 07:35:26,0.86,0.50,Normal,101.30,41.50,25319.10,21183.70,506.40,2021-03-15 07:05:00,2021-03-15 07:35:00,true,0.00
2021-03-15 23:18:29,2021-03-16 07:14:25,0.83,0.71,Normal,101.20,68.40,28556.20,22749.80,2474.90,2021-03-16 06:50:00,2021-03-16 07:20:00,true,0.00
2021-03-16 23:28:55,2021-03-17 06:58:04,0.78,0.74,Normal,101.10,70.40,26949.10,20930.40,1706.80,2021-03-17 06:30:00,2021-03-17 07:00:00,true,0.00
2021-03-18 00:27:12,2021-03-18 07:09:38,0.72,0.91,Normal,101.00,65.00,24145.80,19236.10,1529.20,2021-03-18 07:05:00,2021-03-18 07:35:00,true,0.00
2021-03-19 01:28:47,2021-03-19 07:44:04,0.73,0.91,Normal,101.00,49.90,22517.70,19890.70,450.40,2021-03-19 07:15:00,2021-03-19 07:45:00,true,60.00
2021-03-21 23:56:18,2021-03-22 07:30:28,0.80,0.85,Normal,101.40,65.90,27249.80,23162.40,545.00,2021-03-22 07:00:00,2021-03-22 07:30:00,true,0.00
2021-03-22 23:27:40,2021-03-23 07:23:41,0.88,0.95,Normal,101.20,57.80,28561.20,23801.00,3046.50,2021-03-23 07:00:00,2021-03-23 07:30:00,true,0.00
2021-03-23 23:21:44,2021-03-24 07:10:15,0.60,0.96,Normal,101.20,113.80,28111.00,21176.90,562.20,2021-03-24 06:55:00,2021-03-24 07:25:00,true,0.00
2021-03-25 01:07:42,2021-03-25 07:15:32,0.64,0.92,Normal,101.20,68.90,22070.00,18023.80,441.40,2021-03-25 06:50:00,2021-03-25 07:20:00,true,0.00
2021-03-25 23:23:41,2021-03-26 07:20:01,0.85,0.89,Normal,101.30,65.70,28580.70,24484.10,1048.00,2021-03-26 06:50:00,2021-03-26 07:20:00,true,0.00
2021-03-27 03:41:51,2021-03-27 10:15:32,0.67,0.70,Normal,101.00,71.10,23621.00,19684.10,472.40,2021-03-27 09:45:00,2021-03-27 10:15:00,true,0.00
2021-03-28 23:32:43,2021-03-29 07:20:00,0.77,0.40,Normal,100.90,77.00,28036.90,23924.80,1308.40,2021-03-29 06:50:00,2021-03-29 07:20:00,true,120.00
2021-03-29 23:27:36,2021-03-30 07:20:06,0.78,0.70,Normal,100.80,77.50,28350.70,23342.10,1606.50,2021-03-30 06:50:00,2021-03-30 07:20:00,true,0.00
2021-03-30 23:23:13,2021-03-31 07:01:13,0.84,0.98,Normal,100.80,60.40,27480.30,22350.70,2106.80,2021-03-31 06:30:00,2021-03-31 07:00:00,true,0.00
2021-03-31 23:15:08,2021-04-01 07:20:21,0.75,0.97,Normal,100.60,85.40,29113.30,23387.70,2717.20,2021-04-01 06:50:00,2021-04-01 07:20:00,true,0.00
2021-04-02 04:01:41,2021-04-02 11:32:00,0.88,0.73,Normal,100.90,50.90,27019.50,24047.30,540.40,2021-04-02 11:05:00,2021-04-02 11:35:00,true,180.00
2021-04-03 05:09:46,2021-04-03 12:10:54,0.71,0.69,Normal,101.20,73.60,25268.00,20046.00,505.40,2021-04-03 12:10:00,2021-04-03 12:40:00,true,60.00
2021-04-04 03:03:10,2021-04-04 08:29:54,0.41,0.54,Normal,101.20,115.70,19604.30,15356.70,4247.60,2021-04-04 08:00:00,2021-04-04 08:30:00,true,0.00
2021-04-05 01:09:41,2021-04-05 07:28:34,0.67,0.71,Normal,101.20,66.10,22732.40,17807.00,1515.50,2021-04-05 07:00:00,2021-04-05 07:30:00,true,0.00
2021-04-05 23:09:22,2021-04-06 07:10:25,0.75,0.69,Normal,101.30,86.10,28862.70,25014.30,577.30,2021-04-06 06:40:00,2021-04-06 07:10:00,true,0.00
2021-04-06 23:39:11,2021-04-07 07:03:05,0.62,0.84,Normal,101.30,102.10,26634.20,23349.30,1686.80,2021-04-07 06:40:00,2021-04-07 07:10:00,true,60.00
2021-04-08 01:39:52,2021-04-08 07:40:23,0.66,0.85,Normal,101.60,63.50,21630.90,19107.30,432.60,2021-04-08 07:10:00,2021-04-08 07:40:00,true,60.00
2021-04-08 23:17:58,2021-04-09 07:20:11,0.64,0.83,Normal,101.80,110.10,28933.00,25750.30,578.70,2021-04-09 06:50:00,2021-04-09 07:20:00,true,120.00
2021-04-10 00:40:27,2021-04-10 07:57:33,0.63,0.80,Normal,101.60,100.50,26225.10,21679.40,2447.70,2021-04-10 07:30:00,2021-04-10 08:00:00,true,120.00
2021-04-11 03:10:30,2021-04-11 10:15:26,0.78,0.74,Normal,101.10,61.90,25496.20,22266.70,509.90,2021-04-11 09:50:00,2021-04-11 10:20:00,true,0.00
2021-04-12 04:22:08,2021-04-12 11:54:12,0.57,0.73,Normal,101.10,121.20,27124.20,20343.10,542.50,2021-04-12 11:25:00,2021-04-12 11:55:00,true,0.00
2021-04-13 00:18:48,2021-04-13 07:20:29,0.78,0.55,Normal,101.10,62.10,25301.10,23192.60,506.00,2021-04-13 06:50:00,2021-04-13 07:20:00,true,120.00
2021-04-13 22:47:47,2021-04-14 06:49:30,0.81,0.63,Normal,101.40,78.50,28902.50,24470.80,3564.60,2021-04-14 06:20:00,2021-04-14 06:50:00,true,60.00
2021-04-14 23:28:40,2021-04-15 07:17:54,0.82,0.67,Normal,101.50,72.20,28153.70,24399.80,1126.10,2021-04-15 06:50:00,2021-04-15 07:20:00,true,0.00
2021-04-15 23:49:10,2021-04-16 07:19:58,0.80,0.90,Normal,101.40,68.90,27047.40,21728.10,1172.10,2021-04-16 06:50:00,2021-04-16 07:20:00,true,0.00
2021-04-17 04:15:05,2021-04-17 09:20:23,0.60,0.78,Normal,101.20,49.40,18317.80,14287.90,366.40,2021-04-17 08:50:00,2021-04-17 09:20:00,true,0.00
2021-04-18 01:58:36,2021-04-18 09:09:50,0.70,0.74,Normal,101.00,82.80,25873.60,22855.00,2069.90,2021-04-18 09:00:00,2021-04-18 09:30:00,true,0.00
2021-04-19 00:02:32,2021-04-19 07:16:25,0.71,0.65,Normal,100.90,81.80,26032.40,22908.50,520.60,2021-04-19 06:50:00,2021-04-19 07:20:00,true,60.00
2021-04-19 23:25:45,2021-04-20 07:20:54,0.81,0.81,Normal,100.90,74.90,28509.20,23377.60,2375.80,2021-04-20 06:50:00,2021-04-20 07:20:00,true,60.00
2021-04-21 01:30:09,2021-04-21 09:38:21,0.67,0.75,Normal,100.80,109.10,29291.80,23042.90,585.80,2021-04-21 09:30:00,2021-04-21 10:00:00,true,0.00
2021-04-22 01:39:21,2021-04-22 07:40:49,0.74,0.80,Normal,100.90,42.60,21687.30,17205.20,2168.70,2021-04-22 07:10:00,2021-04-22 07:40:00,true,360.00
2021-04-22 22:53:11,2021-04-23 07:09:19,0.87,0.73,Normal,101.10,70.30,29767.60,25203.20,3076.00,2021-04-23 06:40:00,2021-04-23 07:10:00,true,0.00
2021-04-24 01:18:09,2021-04-24 08:46:58,0.86,0.74,Normal,101.00,54.10,26929.70,22351.70,538.60,2021-04-24 08:20:00,2021-04-24 08:50:00,true,60.00
2021-04-26 23:14:08,2021-04-27 07:15:32,0.86,0.70,Normal,101.00,67.90,28884.30,22914.90,1733.10,2021-04-27 06:50:00,2021-04-27 07:20:00,true,0.00
2021-04-27 23:44:41,2021-04-28 07:17:56,0.77,0.95,Normal,101.10,75.90,27194.50,23296.60,1450.40,2021-04-28 06:50:00,2021-04-28 07:20:00,true,0.00
2021-04-29 00:08:32,2021-04-29 07:16:21,0.74,0.96,Normal,101.30,72.10,25668.50,19764.80,513.40,2021-04-29 06:50:00,2021-04-29 07:20:00,true,0.00
2021-04-29 23:08:57,2021-04-30 07:01:02,0.80,0.94,Normal,101.70,75.90,28324.30,21715.30,2265.90,2021-04-30 06:30:00,2021-04-30 07:00:00,true,180.00
2021-05-01 01:20:52,2021-05-01 09:07:21,0.89,0.83,Normal,101.70,56.30,27988.20,24629.60,559.80,2021-05-01 08:55:00,2021-05-01 09:25:00,true,0.00
2021-05-02 01:37:14,2021-05-02 09:26:19,0.79,0.83,Normal,101.60,76.10,28145.90,24768.40,562.90,2021-05-02 09:00:00,2021-05-02 09:30:00,true,0.00
2021-05-03 01:12:34,2021-05-03 07:20:13,0.75,0.79,Normal,101.50,42.80,22058.70,20220.50,441.20,2021-05-03 06:50:00,2021-05-03 07:20:00,true,60.00
2021-05-03 23:08:37,2021-05-04 07:09:26,0.75,0.85,Normal,101.50,88.20,28849.40,24041.20,1346.30,2021-05-04 06:40:00,2021-05-04 07:10:00,true,0.00
2021-05-04 23:23:53,2021-05-05 07:24:07,0.91,0.85,Normal,101.50,57.20,28814.70,22379.40,1632.80,2021-05-05 06:55:00,2021-05-05 07:25:00,true,0.00
2021-05-06 01:01:33,2021-05-06 07:34:12,0.77,0.87,Normal,101.20,50.30,23559.10,21281.80,471.20,2021-05-06 07:05:00,2021-05-06 07:35:00,true,0.00
2021-05-06 23:53:31,2021-05-07 07:14:32,0.79,0.90,Normal,101.10,65.40,26460.90,22491.80,882.00,2021-05-07 06:55:00,2021-05-07 07:25:00,true,0.00
2021-05-10 01:03:06,2021-05-10 07:26:19,0.77,0.62,Normal,101.90,41.40,22992.60,19697.00,459.90,2021-05-10 06:55:00,2021-05-10 07:25:00,true,0.00
2021-05-11 00:08:39,2021-05-11 07:20:57,0.76,0.92,Normal,101.60,68.20,25938.30,21528.80,518.80,2021-05-11 06:50:00,2021-05-11 07:20:00,true,0.00
2021-05-11 23:58:13,2021-05-12 06:41:29,0.73,0.92,Normal,101.30,63.90,24195.90,18308.20,1451.80,2021-05-12 06:10:00,2021-05-12 06:40:00,true,0.00
2021-05-13 00:55:59,2021-05-13 07:30:39,0.82,0.90,Normal,101.20,38.20,23680.50,19102.30,1894.40,2021-05-13 07:00:00,2021-05-13 07:30:00,true,120.00
2021-05-13 23:41:28,2021-05-14 07:19:58,0.85,0.89,Normal,101.60,58.70,27509.20,21824.00,2017.30,2021-05-14 06:50:00,2021-05-14 07:20:00,true,0.00
2021-05-17 23:56:46,2021-05-18 07:21:19,0.84,0.00,Normal,101.20,56.00,26673.10,20716.10,2311.70,2021-05-18 06:50:00,2021-05-18 07:20:00,true,0.00
2021-05-19 01:19:59,2021-05-19 07:20:14,0.69,0.88,Normal,101.30,53.70,21615.00,18444.80,432.30,2021-05-19 06:50:00,2021-05-19 07:20:00,true,60.00
2021-05-19 23:40:40,2021-05-20 07:20:30,0.82,0.87,Normal,101.30,65.30,27590.10,24003.40,827.70,2021-05-20 06:50:00,2021-05-20 07:20:00,true,0.00
2021-05-21 00:01:12,2021-05-21 07:25:56,0.81,0.90,Normal,101.10,61.60,26684.30,22059.00,1512.10,2021-05-21 06:55:00,2021-05-21 07:25:00,true,0.00
2021-05-23 23:46:29,2021-05-24 07:20:33,0.84,0.97,Normal,100.90,57.80,27243.90,23429.80,544.90,2021-05-24 06:50:00,2021-05-24 07:20:00,true,120.00
2021-05-24 23:20:42,2021-05-25 07:00:46,0.81,0.94,Normal,101.40,67.10,27603.50,22082.80,1472.20,2021-05-25 06:30:00,2021-05-25 07:00:00,true,0.00
2021-05-25 23:48:15,2021-05-26 07:01:00,0.71,0.95,Normal,101.70,78.50,25965.50,21032.10,1817.60,2021-05-26 06:30:00,2021-05-26 07:00:00,true,0.00
2021-05-27 00:29:58,2021-05-27 07:30:03,0.74,0.93,Normal,101.30,67.30,25204.10,21759.50,504.10,2021-05-27 07:00:00,2021-05-27 07:30:00,true,0.00
2021-05-28 01:39:38,2021-05-28 07:40:09,0.71,0.92,Normal,101.20,47.90,21630.70,18818.70,432.60,2021-05-28 07:10:00,2021-05-28 07:40:00,true,0.00
2021-05-29 04:44:04,2021-05-29 11:45:19,0.71,0.73,Normal,101.10,73.30,25274.60,20388.20,505.50,2021-05-29 11:15:00,2021-05-29 11:45:00,true,60.00
2021-05-30 00:39:24,2021-05-30 08:59:00,0.80,0.57,Normal,101.10,81.30,29976.50,26179.50,599.50,2021-05-30 08:40:00,2021-05-30 09:10:00,true,0.00
2021-05-30 23:59:46,2021-05-31 07:06:05,0.72,0.54,Normal,101.40,72.40,25579.30,18672.90,511.60,2021-05-31 06:50:00,2021-05-31 07:20:00,true,60.00
2021-05-31 23:47:47,2021-06-01 07:21:19,0.86,0.73,Normal,101.50,54.20,27212.40,21225.70,2630.50,2021-06-01 06:50:00,2021-06-01 07:20:00,true,0.00
2021-06-02 00:49:17,2021-06-02 07:20:33,0.78,0.89,Normal,101.30,45.40,23476.00,19485.10,626.00,2021-06-02 06:50:00,2021-06-02 07:20:00,true,60.00
2021-06-03 04:28:13,2021-06-03 10:58:17,0.72,0.76,Normal,101.40,58.40,23404.90,19660.10,468.10,2021-06-03 10:30:00,2021-06-03 11:00:00,true,180.00
2021-06-04 02:24:28,2021-06-04 07:30:22,0.61,0.62,Normal,101.60,46.00,18353.60,14009.90,2508.30,2021-06-04 07:00:00,2021-06-04 07:30:00,true,60.00
2021-06-05 04:58:19,2021-06-05 12:00:52,0.52,0.45,Normal,101.70,117.50,25353.00,20874.00,507.10,2021-06-05 11:30:00,2021-06-05 12:00:00,true,240.00
2021-06-06 04:53:03,2021-06-06 08:59:39,0.42,0.56,Normal,101.50,72.30,14795.70,11195.40,2515.30,2021-06-06 08:30:00,2021-06-06 09:00:00,true,0.00
2021-06-06 23:47:33,2021-06-07 07:16:17,0.76,0.53,Normal,101.40,71.70,26923.60,25128.70,538.50,2021-06-07 06:50:00,2021-06-07 07:20:00,true,0.00
2021-06-08 00:01:09,2021-06-08 07:18:35,0.75,0.72,Normal,101.30,71.10,26246.20,19247.20,787.40,2021-06-08 06:50:00,2021-06-08 07:20:00,true,120.00
2021-06-09 00:35:52,2021-06-09 07:10:39,0.73,0.78,Normal,101.40,58.80,23686.60,20054.60,473.70,2021-06-09 06:50:00,2021-06-09 07:20:00,true,0.00
2021-06-09 23:34:40,2021-06-10 07:20:22,0.81,0.94,Normal,101.50,68.20,27942.00,23843.90,1304.00,2021-06-10 06:50:00,2021-06-10 07:20:00,true,0.00
2021-06-10 22:46:41,2021-06-11 07:19:57,0.96,0.93,Normal,101.30,56.60,30795.30,26791.90,615.90,2021-06-11 06:50:00,2021-06-11 07:20:00,true,180.00
2021-06-13 05:03:28,2021-06-13 12:05:58,0.71,0.51,No alarm,101.50,72.40,25350.20,21378.70,507.00,,,true,60.00
2021-06-13 23:29:13,2021-06-14 07:20:50,0.84,0.11,Normal,101.80,64.70,28296.80,23486.40,565.90,2021-06-14 06:50:00,2021-06-14 07:20:00,true,0.00
2021-06-14 23:29:38,2021-06-15 07:20:18,0.80,0.57,Normal,101.70,7260.60,28240.10,23439.30,847.20,2021-06-15 06:50:00,2021-06-15 07:20:00,true,0.00
2021-06-16 01:15:37,2021-06-16 07:19:55,0.70,0.66,Normal,101.30,5393.80,21858.00,17923.50,801.50,2021-06-16 06:50:00,2021-06-16 07:20:00,true,0.00
2021-06-17 00:35:47,2021-06-17 07:40:08,0.74,0.92,Normal,101.50,7621.00,25460.20,21641.20,509.20,2021-06-17 07:10:00,2021-06-17 07:40:00,true,0.00
2021-06-17 23:40:48,2021-06-18 07:20:54,0.80,0.89,Normal,101.70,8754.30,27605.40,21532.20,828.20,2021-06-18 06:50:00,2021-06-18 07:20:00,true,0.00
2021-06-19 03:15:42,2021-06-19 11:29:31,0.81,0.72,No alarm,101.90,17822.70,29628.70,22715.30,592.60,,,true,0.00
2021-06-20 23:45:39,2021-06-21 07:11:21,0.74,0.35,Normal,101.20,9874.40,26742.00,20858.80,1158.80,2021-06-21 06:40:00,2021-06-21 07:10:00,true,0.00
2021-06-21 23:33:10,2021-06-22 07:04:07,0.80,0.66,Normal,101.60,5660.00,27057.10,21645.70,1803.80,2021-06-22 06:35:00,2021-06-22 07:05:00,true,0.00
2021-06-22 23:40:07,2021-06-23 07:11:35,0.80,0.98,Normal,101.70,6959.40,27087.40,22482.50,2708.70,2021-06-23 06:40:00,2021-06-23 07:10:00,true,0.00
2021-06-23 23:59:22,2021-06-24 07:11:26,0.74,0.98,Normal,101.90,5386.40,25924.30,20480.20,518.50,2021-06-24 06:40:00,2021-06-24 07:10:00,true,0.00
2021-06-24 23:41:58,2021-06-25 07:15:20,0.80,0.97,Normal,101.60,7338.70,27202.20,21399.10,1269.40,2021-06-25 06:45:00,2021-06-25 07:15:00,true,0.00
2021-06-26 06:08:56,2021-06-26 12:20:05,0.70,0.04,No alarm,101.60,16653.50,22268.20,18482.60,445.40,,,true,647.10
2021-06-27 05:25:50,2021-06-27 12:44:43,0.74,0.52,No alarm,101.60,15710.70,26333.10,22997.60,526.70,,,true,0.00
2021-06-27 23:30:22,2021-06-28 07:21:01,0.80,0.06,Normal,101.70,10417.50,28239.50,24191.80,564.80,2021-06-28 06:50:00,2021-06-28 07:20:00,true,0.00
2021-06-28 23:25:25,2021-06-29 07:04:56,0.80,0.51,Normal,101.70,5768.70,27571.80,21781.70,1838.10,2021-06-29 06:40:00,2021-06-29 07:10:00,true,0.00
2021-06-29 23:40:10,2021-06-30 07:11:42,0.80,0.67,Normal,101.60,7346.60,27092.40,22215.70,541.80,2021-06-30 06:40:00,2021-06-30 07:10:00,true,0.00
2021-06-30 23:36:10,2021-07-01 07:10:10,0.80,0.98,Normal,102.00,8645.60,27240.00,20430.00,544.80,2021-07-01 06:40:00,2021-07-01 07:10:00,true,0.00
2021-07-02 00:00:20,2021-07-02 07:31:04,0.80,0.97,Normal,102.30,8127.20,27044.70,23078.10,540.90,2021-07-02 07:00:00,2021-07-02 07:30:00,true,0.00
2021-07-04 00:06:16,2021-07-04 09:10:40,0.96,0.90,Normal,101.90,9987.40,32664.20,27220.20,3157.50,2021-07-04 09:10:00,2021-07-04 09:40:00,true,0.00
2021-07-05 00:11:43,2021-07-05 07:17:08,0.74,0.84,Normal,102.00,9718.40,25524.50,22291.40,510.50,2021-07-05 06:50:00,2021-07-05 07:20:00,true,0.00
2021-07-05 23:10:03,2021-07-06 07:10:17,0.81,0.87,Normal,102.10,10611.30,28813.90,23531.40,1344.70,2021-07-06 06:40:00,2021-07-06 07:10:00,true,0.00
2021-07-06 23:10:01,2021-07-07 07:04:23,0.80,0.91,Normal,101.80,9194.30,28462.30,23149.30,1138.50,2021-07-07 06:40:00,2021-07-07 07:10:00,true,0.00
2021-07-07 23:15:55,2021-07-08 07:15:35,0.80,0.96,Normal,101.80,9240.30,28780.00,24558.90,1151.20,2021-07-08 06:45:00,2021-07-08 07:15:00,true,0.00
2021-07-09 00:51:17,2021-07-09 07:24:07,0.73,0.94,Normal,101.70,5229.80,23570.00,19798.80,1414.20,2021-07-09 07:00:00,2021-07-09 07:30:00,true,0.00
2021-07-10 06:14:33,2021-07-10 12:03:33,0.70,-0.04,Normal,101.60,14483.50,20939.90,17798.90,418.80,2021-07-10 13:45:00,2021-07-10 14:15:00,true,0.00
2021-07-12 01:11:41,2021-07-12 07:02:19,0.70,-0.97,Normal,101.70,9534.10,21038.70,17321.90,420.80,2021-07-12 06:30:00,2021-07-12 07:00:00,true,0.00
2021-07-12 23:07:44,2021-07-13 07:10:02,0.81,-0.09,Normal,102.00,6771.80,28938.00,23632.70,1929.20,2021-07-13 06:40:00,2021-07-13 07:10:00,true,0.00
2021-07-13 23:54:47,2021-07-14 07:26:13,0.80,0.24,Normal,101.90,6595.30,27086.70,23746.00,902.90,2021-07-14 06:55:00,2021-07-14 07:25:00,true,0.00
2021-07-15 02:04:12,2021-07-15 07:22:59,0.58,0.85,Normal,101.60,36.40,19126.60,17341.50,573.80,2021-07-15 06:55:00,2021-07-15 07:25:00,true,0.00
2021-07-15 23:16:06,2021-07-16 07:19:05,0.87,0.83,Normal,101.40,68.30,28979.40,22700.50,966.00,2021-07-16 06:50:00,2021-07-16 07:20:00,true,0.00
2021-07-18 23:37:13,2021-07-19 07:27:48,0.85,0.96,Normal,101.30,36.20,28235.00,23341.00,3011.70,2021-07-19 07:00:00,2021-07-19 07:30:00,true,0.00
2021-07-19 22:52:43,2021-07-20 07:25:16,0.93,0.93,Normal,101.80,65.50,30753.00,23884.80,3280.30,2021-07-20 06:55:00,2021-07-20 07:25:00,true,0.00
2021-07-20 23:50:35,2021-07-21 07:20:30,0.81,0.92,Normal,102.20,86.40,26994.90,20696.10,5489.00,2021-07-21 06:50:00,2021-07-21 07:20:00,true,0.00
2021-07-22 01:23:03,2021-07-22 07:24:57,0.65,0.90,Normal,102.20,47.40,21713.50,14982.30,4125.60,2021-07-22 06:55:00,2021-07-22 07:25:00,true,0.00
2021-07-23 00:47:32,2021-07-23 07:51:18,0.77,0.90,Normal,102.40,72.60,25425.70,21611.80,508.50,2021-07-23 07:20:00,2021-07-23 07:50:00,true,0.00
2021-07-24 03:34:06,2021-07-24 08:00:27,0.48,0.85,Normal,102.10,63.40,15981.30,11080.40,2130.80,2021-07-24 07:30:00,2021-07-24 08:00:00,true,0.00
2021-07-24 23:48:37,2021-07-25 07:30:56,0.83,0.77,Normal,102.10,80.10,27739.00,24410.30,554.80,2021-07-25 07:00:00,2021-07-25 07:30:00,true,0.00
2021-07-25 22:08:38,2021-07-26 07:14:10,0.98,0.75,Normal,102.00,67.20,32732.80,29350.40,1636.60,2021-07-26 06:50:00,2021-07-26 07:20:00,true,60.00
2021-07-26 23:01:46,2021-07-27 06:52:46,0.85,0.79,Normal,101.70,63.10,28260.30,24680.70,565.20,2021-07-27 06:35:00,2021-07-27 07:05:00,false,0.00
2021-07-28 01:33:08,2021-07-28 07:45:21,0.67,0.82,Normal,101.10,42.60,22332.90,18982.90,446.70,2021-07-28 07:15:00,2021-07-28 07:45:00,true,0.00
2021-07-29 01:50:24,2021-07-29 07:50:29,0.65,0.86,Normal,101.20,57.30,21605.50,19373.00,432.10,2021-07-29 07:20:00,2021-07-29 07:50:00,true,60.00
2021-07-29 23:02:34,2021-07-30 07:34:09,0.92,0.81,Normal,102.00,57.90,30695.60,26705.20,1023.20,2021-07-30 07:05:00,2021-07-30 07:35:00,true,0.00
2021-07-31 02:16:18,2021-07-31 10:44:01,0.92,0.73,No alarm,102.30,69.60,30462.90,25081.10,609.30,,,true,0.00
2021-08-02 23:16:24,2021-08-03 07:20:16,0.87,0.47,Normal,102.10,48.60,29031.70,21483.40,1548.40,2021-08-03 06:50:00,2021-08-03 07:20:00,true,0.00
2021-08-04 01:32:43,2021-08-04 07:55:08,0.69,0.76,Normal,102.00,48.50,22945.10,19350.30,458.90,2021-08-04 07:25:00,2021-08-04 07:55:00,true,0.00
2021-08-05 00:59:19,2021-08-05 07:50:38,0.74,0.85,Normal,102.30,50.20,24678.70,20072.00,1892.00,2021-08-05 07:20:00,2021-08-05 07:50:00,true,0.00
2021-08-05 22:51:51,2021-08-06 07:25:36,0.93,0.83,Normal,102.60,62.40,30824.70,25995.50,2466.00,2021-08-06 06:55:00,2021-08-06 07:25:00,true,0.00
2021-08-08 23:29:02,2021-08-09 07:00:58,0.81,0.91,Normal,102.10,68.40,27116.40,22145.10,542.30,2021-08-09 06:30:00,2021-08-09 07:00:00,true,0.00
2021-08-09 23:22:09,2021-08-10 07:25:25,0.87,0.96,Normal,102.00,81.50,28996.10,24646.70,579.90,2021-08-10 06:55:00,2021-08-10 07:25:00,true,0.00
2021-08-10 23:03:53,2021-08-11 07:05:09,0.87,0.95,Normal,101.60,62.00,28876.10,24448.40,1636.30,2021-08-11 06:35:00,2021-08-11 07:05:00,true,0.00
2021-08-12 01:29:50,2021-08-12 07:50:48,0.69,0.88,Normal,101.70,59.20,22858.40,18362.90,1219.10,2021-08-12 07:20:00,2021-08-12 07:50:00,true,0.00
2021-08-12 22:51:29,2021-08-13 07:05:08,0.89,0.80,Normal,101.90,68.20,29619.60,22807.10,1678.40,2021-08-13 06:35:00,2021-08-13 07:05:00,true,0.00
2021-08-15 23:15:07,2021-08-16 07:28:15,0.89,0.94,Normal,101.60,51.90,29587.80,25445.50,2761.50,2021-08-16 07:00:00,2021-08-16 07:30:00,true,490.70
2021-08-16 23:24:17,2021-08-17 07:15:09,0.85,0.97,Normal,101.70,57.30,28252.10,23072.60,565.00,2021-08-17 06:45:00,2021-08-17 07:15:00,true,0.00
2021-08-17 23:18:38,2021-08-18 07:19:49,0.87,0.98,Normal,101.90,52.30,28870.40,25213.50,577.40,2021-08-18 06:50:00,2021-08-18 07:20:00,true,0.00
2021-08-19 01:31:02,2021-08-19 07:56:19,0.69,0.91,Normal,101.90,43.50,23117.70,20728.90,693.50,2021-08-19 07:25:00,2021-08-19 07:55:00,true,0.00
2021-08-20 01:03:10,2021-08-20 08:05:30,0.76,0.90,Normal,101.70,59.20,25340.30,19427.50,506.80,2021-08-20 07:35:00,2021-08-20 08:05:00,true,0.00
2021-08-22 23:03:09,2021-08-23 07:33:32,0.92,0.79,Normal,101.50,49.60,30623.30,27152.60,612.50,2021-08-23 07:05:00,2021-08-23 07:35:00,true,0.00
2021-08-23 23:11:26,2021-08-24 06:49:38,0.82,0.93,Normal,101.30,63.70,27492.20,23918.20,1832.80,2021-08-24 06:35:00,2021-08-24 07:05:00,true,0.00
2021-08-24 23:47:01,2021-08-25 07:20:03,0.81,0.92,Normal,101.30,63.40,27182.40,21745.90,906.10,2021-08-25 06:50:00,2021-08-25 07:20:00,true,0.00
2021-08-26 02:29:50,2021-08-26 07:50:23,0.65,0.86,Normal,101.20,40.30,19232.80,15193.90,384.70,2021-08-26 07:20:00,2021-08-26 07:50:00,true,0.00
2021-08-27 00:31:03,2021-08-27 07:52:28,0.82,0.82,Normal,101.40,55.00,26484.70,22070.60,2383.60,2021-08-27 07:25:00,2021-08-27 07:55:00,true,0.00
2021-08-28 00:44:46,2021-08-28 08:16:48,0.97,0.84,Normal,101.70,19.30,27121.90,23596.10,1808.10,2021-08-28 07:45:00,2021-08-28 08:15:00,true,0.00
2021-08-28 23:36:41,2021-08-29 07:37:31,0.78,0.88,Normal,101.90,76.00,28849.60,27310.90,577.00,2021-08-29 07:10:00,2021-08-29 07:40:00,true,290.40
2021-08-30 00:05:35,2021-08-30 07:34:46,0.83,0.92,Normal,101.70,54.90,26951.20,20482.90,539.00,2021-08-30 07:05:00,2021-08-30 07:35:00,true,0.00
2021-08-30 23:22:36,2021-08-31 07:24:22,0.81,0.91,Normal,101.80,70.70,28905.80,22739.30,578.10,2021-08-31 06:55:00,2021-08-31 07:25:00,true,0.00
2021-08-31 23:08:34,2021-09-01 07:10:16,0.85,0.95,Normal,101.90,62.20,28901.90,23988.60,578.00,2021-09-01 06:40:00,2021-09-01 07:10:00,true,0.00
2021-09-01 23:28:31,2021-09-02 07:29:51,0.83,0.94,Normal,101.80,65.50,28880.70,25222.50,577.60,2021-09-02 07:00:00,2021-09-02 07:30:00,true,0.00
2021-09-05 23:14:56,2021-09-06 07:28:05,0.89,0.00,Normal,101.10,58.90,29588.90,26136.80,591.80,2021-09-06 07:00:00,2021-09-06 07:30:00,true,898.40
2021-09-07 23:40:38,2021-09-08 08:51:05,0.90,0.85,No alarm,101.60,71.00,33026.20,27521.90,660.50,,,true,0.00
2021-09-09 00:21:12,2021-09-09 07:30:42,0.80,0.84,Normal,101.20,54.30,25769.70,20529.90,1460.30,2021-09-09 07:00:00,2021-09-09 07:30:00,true,0.00
2021-09-09 23:44:51,2021-09-10 07:15:17,0.81,0.88,Normal,101.10,60.30,27025.90,22071.20,1441.40,2021-09-10 06:45:00,2021-09-10 07:15:00,true,0.00
2021-09-11 00:57:11,2021-09-11 09:12:52,0.89,0.83,Normal,101.40,59.90,29741.20,23198.20,594.80,2021-09-11 09:00:00,2021-09-11 09:30:00,true,0.00
2021-09-12 23:57:07,2021-09-13 07:40:48,0.90,0.76,Normal,101.50,47.10,27821.00,24111.50,556.40,2021-09-13 07:10:00,2021-09-13 07:40:00,true,120.00
2021-09-13 23:04:33,2021-09-14 07:10:53,0.85,0.84,Normal,101.20,63.90,29180.00,24024.90,1945.30,2021-09-14 06:40:00,2021-09-14 07:10:00,true,0.00
2021-09-16 00:34:55,2021-09-16 07:40:52,0.77,0.86,Normal,101.60,58.90,25556.30,22404.30,511.10,2021-09-16 07:10:00,2021-09-16 07:40:00,true,0.00
2021-09-16 23:42:49,2021-09-17 07:25:17,0.77,0.87,Normal,101.90,70.90,27747.40,23677.80,832.40,2021-09-17 06:55:00,2021-09-17 07:25:00,true,0.00
2021-09-18 23:23:14,2021-09-19 09:29:40,0.91,0.85,No alarm,101.10,68.80,36386.00,30200.40,727.70,,,true,360.00
2021-09-20 00:54:20,2021-09-20 07:45:08,0.70,0.76,Normal,101.30,68.00,24648.30,19472.10,493.00,2021-09-20 07:15:00,2021-09-20 07:45:00,true,0.00
2021-09-20 23:27:27,2021-09-21 07:10:29,0.84,0.78,Normal,101.30,58.60,27782.20,23522.30,555.60,2021-09-21 06:40:00,2021-09-21 07:10:00,true,60.00
2021-09-23 00:11:13,2021-09-23 07:45:24,0.72,0.86,Normal,101.60,76.60,27251.90,23073.30,545.00,2021-09-23 07:15:00,2021-09-23 07:45:00,true,0.00
2021-09-23 23:21:32,2021-09-24 07:25:58,0.76,0.90,Normal,101.90,79.60,29066.20,23349.80,581.30,2021-09-24 06:55:00,2021-09-24 07:25:00,true,0.00
2021-09-26 23:50:36,2021-09-27 07:26:02,0.82,0.96,Normal,101.60,59.30,27326.20,23409.40,546.50,2021-09-27 06:55:00,2021-09-27 07:25:00,true,0.00
2021-09-27 23:19:25,2021-09-28 06:20:12,0.78,0.87,Normal,101.60,54.90,25246.40,18682.30,757.40,2021-09-28 05:50:00,2021-09-28 06:20:00,true,0.00
2021-09-28 23:30:33,2021-09-29 07:15:32,0.84,0.89,Normal,101.30,58.80,27899.50,25574.50,1023.00,2021-09-29 06:45:00,2021-09-29 07:15:00,true,0.00
2021-09-30 00:12:32,2021-09-30 07:32:03,0.80,0.90,Normal,100.90,58.00,26371.40,20481.80,527.40,2021-09-30 07:05:00,2021-09-30 07:35:00,true,60.00
2021-09-30 23:30:20,2021-10-01 07:16:28,0.88,0.92,Normal,101.30,52.10,27968.90,23307.40,932.30,2021-10-01 06:45:00,2021-10-01 07:15:00,true,0.00
2021-10-03 00:08:33,2021-10-03 09:22:41,1.00,0.85,No alarm,100.90,54.50,33248.20,28925.90,665.00,,,true,180.00
2021-10-04 00:10:47,2021-10-04 07:40:33,0.83,0.81,Normal,100.90,54.60,26986.00,23657.70,989.50,2021-10-04 07:10:00,2021-10-04 07:40:00,true,180.00
2021-10-04 23:37:06,2021-10-05 07:10:04,0.86,0.88,Normal,101.00,50.30,27178.90,21652.50,543.60,2021-10-05 06:40:00,2021-10-05 07:10:00,true,0.00
2021-10-05 23:40:38,2021-10-06 07:12:56,0.70,0.92,Normal,101.40,79.80,27137.40,23247.70,542.70,2021-10-06 06:45:00,2021-10-06 07:15:00,true,0.00
2021-10-07 00:08:44,2021-10-07 07:39:36,0.81,0.94,Normal,101.10,59.70,27051.20,22993.50,541.00,2021-10-07 07:10:00,2021-10-07 07:40:00,true,0.00
2021-10-07 23:42:25,2021-10-08 07:14:29,0.85,0.95,Normal,101.20,52.80,27123.40,22964.50,542.50,2021-10-08 06:45:00,2021-10-08 07:15:00,true,0.00
2021-10-09 02:44:38,2021-10-09 09:21:15,0.69,0.81,Normal,101.30,64.90,23796.80,20306.60,475.90,2021-10-09 09:00:00,2021-10-09 09:30:00,true,60.00
2021-10-10 23:40:01,2021-10-11 07:01:29,0.95,0.56,Normal,101.30,23.90,26488.40,24987.40,1501.00,2021-10-11 06:45:00,2021-10-11 07:15:00,true,0.00
2021-10-12 01:26:28,2021-10-12 11:48:57,0.84,0.50,No alarm,101.30,78.70,37349.00,32369.10,747.00,,,true,0.00
2021-10-13 00:21:30,2021-10-13 07:23:28,0.70,0.50,Normal,101.20,70.00,25318.20,20929.70,1012.70,2021-10-13 06:55:00,2021-10-13 07:25:00,true,120.00
2021-10-14 02:03:03,2021-10-14 07:35:45,0.70,0.61,Normal,101.00,32.60,19962.10,16102.70,1929.70,2021-10-14 07:05:00,2021-10-14 07:35:00,true,0.00
2021-10-15 00:01:12,2021-10-15 07:35:26,0.80,0.74,Normal,101.00,62.00,27254.60,23257.30,545.10,2021-10-15 07:05:00,2021-10-15 07:35:00,true,0.00
2021-10-17 01:48:50,2021-10-17 10:57:57,0.88,0.70,No alarm,101.00,72.20,32946.90,29103.10,658.90,,,true,120.00
2021-10-17 23:45:53,2021-10-18 07:30:16,0.75,0.56,Normal,101.30,74.20,27862.50,23961.70,1021.60,2021-10-18 07:00:00,2021-10-18 07:30:00,true,0.00
2021-10-18 23:15:39,2021-10-19 07:10:05,0.86,0.74,Normal,101.20,57.30,28465.80,24480.60,2182.40,2021-10-19 06:40:00,2021-10-19 07:10:00,true,0.00
2021-10-19 23:35:18,2021-10-20 06:36:09,0.82,0.80,Normal,101.20,46.40,25250.90,21884.10,1515.10,2021-10-20 06:05:00,2021-10-20 06:35:00,true,0.00
2021-10-21 00:18:41,2021-10-21 07:20:09,0.81,0.91,Normal,101.30,48.40,25288.30,20905.00,674.40,2021-10-21 06:50:00,2021-10-21 07:20:00,true,0.00
2021-10-22 01:33:05,2021-10-22 07:33:51,0.77,0.89,Normal,101.10,18.90,21645.40,18398.60,432.90,2021-10-22 07:05:00,2021-10-22 07:35:00,true,120.00
2021-10-25 02:52:33,2021-10-25 07:14:14,0.45,0.86,Normal,101.20,65.00,15701.00,13502.90,1099.10,2021-10-25 06:45:00,2021-10-25 07:15:00,true,60.00
2021-10-25 23:55:29,2021-10-26 07:15:32,0.83,0.75,Normal,101.50,50.80,26403.80,20594.90,792.10,2021-10-26 06:45:00,2021-10-26 07:15:00,true,0.00
2021-10-26 23:16:19,2021-10-27 07:16:12,0.83,0.85,Normal,101.60,64.70,28792.40,23033.90,2975.20,2021-10-27 06:45:00,2021-10-27 07:15:00,true,0.00
2021-10-27 23:49:48,2021-10-28 07:30:11,0.88,0.88,Normal,101.80,47.60,27622.80,23019.00,2670.20,2021-10-28 07:00:00,2021-10-28 07:30:00,true,0.00
2021-10-28 23:15:32,2021-10-29 06:45:40,0.77,0.92,Normal,101.80,65.30,27008.00,22686.70,540.20,2021-10-29 06:15:00,2021-10-29 06:45:00,true,0.00
2021-10-31 22:54:18,2021-11-01 07:57:38,0.88,0.87,Normal,101.30,72.90,32599.90,26297.30,652.00,2021-11-01 07:30:00,2021-11-01 08:00:00,true,60.00
2021-11-04 00:23:28,2021-11-04 07:31:01,0.85,0.84,Normal,100.70,41.80,25653.70,23430.40,513.10,2021-11-04 07:00:00,2021-11-04 07:30:00,true,0.00
2021-11-04 23:09:33,2021-11-05 07:16:10,0.84,0.88,Normal,100.90,63.30,29196.60,23065.30,1265.20,2021-11-05 06:45:00,2021-11-05 07:15:00,true,0.00
2021-11-06 00:35:02,2021-11-06 09:01:32,0.78,0.81,No alarm,100.90,79.60,30390.20,26135.50,607.80,,,true,60.00
2021-11-07 00:10:41,2021-11-07 08:36:12,0.91,0.85,Normal,101.00,58.30,30330.80,24264.70,606.60,2021-11-07 08:10:00,2021-11-07 08:40:00,true,120.00
2021-11-07 22:51:51,2021-11-08 07:22:12,0.93,0.82,Normal,101.10,55.20,30621.50,26334.50,1837.30,2021-11-08 07:00:00,2021-11-08 07:30:00,true,60.00
2021-11-08 23:22:31,2021-11-09 07:15:56,0.88,0.89,Normal,101.10,52.20,28405.00,23197.40,946.80,2021-11-09 06:45:00,2021-11-09 07:15:00,true,0.00
2021-11-09 23:19:02,2021-11-10 07:14:36,0.87,0.91,Normal,101.00,55.70,28533.80,24063.50,1521.80,2021-11-10 06:45:00,2021-11-10 07:15:00,true,0.00
2021-11-11 00:44:22,2021-11-11 07:29:33,0.65,0.93,Normal,101.20,73.40,24311.10,17666.10,3565.60,2021-11-11 07:00:00,2021-11-11 07:30:00,true,0.00
2021-11-11 23:35:00,2021-11-12 07:35:13,0.82,0.92,Normal,101.40,66.10,28813.10,22186.10,576.30,2021-11-12 07:05:00,2021-11-12 07:35:00,true,0.00
2021-11-13 01:28:05,2021-11-13 08:04:25,0.68,0.85,Normal,101.30,63.90,23780.10,19024.10,475.60,2021-11-13 07:40:00,2021-11-13 08:10:00,true,144.50
2021-11-15 01:39:11,2021-11-15 09:43:17,0.81,0.82,Normal,101.40,67.70,29045.40,22752.20,580.90,2021-11-15 09:15:00,2021-11-15 09:45:00,true,180.00
2021-11-16 01:33:35,2021-11-16 07:40:00,0.67,0.83,Normal,101.50,56.00,21985.30,18687.50,1245.80,2021-11-16 07:10:00,2021-11-16 07:40:00,true,120.00
2021-11-16 23:25:06,2021-11-17 07:10:55,0.89,0.80,Normal,101.30,49.50,27949.20,21427.70,3912.90,2021-11-17 06:40:00,2021-11-17 07:10:00,true,0.00
2021-11-18 00:30:22,2021-11-18 07:35:25,0.76,0.83,Normal,101.00,58.40,25502.50,21762.20,1020.10,2021-11-18 07:05:00,2021-11-18 07:35:00,true,0.00
2021-11-19 02:32:05,2021-11-19 07:45:29,0.56,0.82,Normal,100.70,57.90,18804.70,15858.70,376.10,2021-11-19 07:15:00,2021-11-19 07:45:00,true,0.00
2021-11-22 02:32:56,2021-11-22 07:36:01,0.56,0.99,Normal,101.00,61.80,18185.50,13760.40,2000.40,2021-11-22 07:30:00,2021-11-22 07:30:00,true,0.00
2021-11-22 23:49:24,2021-11-23 07:18:08,0.78,0.75,Normal,101.10,57.40,26924.00,20731.50,1525.70,2021-11-23 06:50:00,2021-11-23 07:20:00,true,60.00
2021-11-23 23:58:32,2021-11-24 07:18:30,0.72,0.87,Normal,100.90,83.90,26397.70,20854.20,1231.90,2021-11-24 06:50:00,2021-11-24 07:20:00,true,0.00
2021-11-24 23:24:23,2021-11-25 07:19:44,0.78,0.90,Normal,101.30,81.20,28521.10,22436.60,1616.20,2021-11-25 06:55:00,2021-11-25 07:25:00,true,0.00
2021-11-25 22:54:47,2021-11-26 07:04:57,0.85,0.96,Normal,101.10,66.20,29410.80,25391.30,588.20,2021-11-26 06:40:00,2021-11-26 07:10:00,true,0.00
2021-11-27 01:15:50,2021-11-27 08:41:55,0.65,0.85,Normal,100.50,169.60,26765.50,20163.30,535.30,2021-11-27 08:15:00,2021-11-27 08:45:00,true,120.00
2021-11-28 22:06:47,2021-11-29 07:18:14,0.76,0.65,Normal,100.60,320.40,33087.40,24815.60,5183.70,2021-11-29 07:00:00,2021-11-29 07:30:00,true,0.00
2021-11-29 22:46:38,2021-11-30 06:10:58,0.80,0.74,Normal,100.40,66.90,26659.60,22127.50,1421.80,2021-11-30 05:40:00,2021-11-30 06:10:00,true,60.00
2021-11-30 23:00:32,2021-12-01 06:05:30,0.76,0.91,Normal,100.60,75.00,25497.90,21588.20,1359.90,2021-12-01 05:35:00,2021-12-01 06:05:00,true,0.00
2021-12-01 23:20:17,2021-12-02 06:25:33,0.78,0.92,Normal,100.70,54.70,25516.10,18456.60,510.30,2021-12-02 05:55:00,2021-12-02 06:25:00,true,0.00
2021-12-02 22:32:42,2021-12-03 06:00:24,0.80,0.94,Normal,101.00,71.10,26862.30,19878.10,537.20,2021-12-03 05:35:00,2021-12-03 06:05:00,true,0.00
2021-12-05 01:37:52,2021-12-05 07:39:05,0.62,0.75,Normal,101.30,102.30,21672.40,18277.10,2745.20,2021-12-05 07:40:00,2021-12-05 07:40:00,true,60.00
2021-12-05 23:44:22,2021-12-06 07:00:14,0.73,0.70,Normal,101.10,112.20,26152.30,22403.80,1046.10,2021-12-06 06:30:00,2021-12-06 07:00:00,true,120.00
2021-12-06 22:36:55,2021-12-07 06:00:24,0.77,0.81,Normal,101.00,91.70,26608.90,23504.50,532.20,2021-12-07 05:30:00,2021-12-07 06:00:00,true,0.00
2021-12-07 22:42:45,2021-12-08 06:04:32,0.79,0.87,Normal,101.00,78.70,26506.90,21117.20,1767.10,2021-12-08 05:30:00,2021-12-08 06:00:00,true,0.00
2021-12-08 22:39:52,2021-12-09 06:00:59,0.81,0.93,Normal,101.00,61.20,26466.80,18085.60,882.20,2021-12-09 05:30:00,2021-12-09 06:00:00,true,0.00
2021-12-10 00:59:15,2021-12-10 07:30:55,0.71,0.89,Normal,100.90,67.80,23499.90,20131.50,470.00,2021-12-10 07:00:00,2021-12-10 07:30:00,true,0.00
2021-12-11 00:12:26,2021-12-11 08:31:16,0.74,0.84,Normal,100.80,174.80,29930.30,26338.60,1995.40,2021-12-11 08:05:00,2021-12-11 08:35:00,true,180.00
2021-12-11 23:58:30,2021-12-12 08:07:34,0.80,0.83,Normal,100.60,122.40,29343.70,26604.90,586.90,2021-12-12 08:00:00,2021-12-12 08:30:00,true,0.00
2021-12-12 23:25:21,2021-12-13 07:30:48,0.76,0.90,Normal,100.80,148.50,29126.80,25146.20,1359.30,2021-12-13 07:10:00,2021-12-13 07:40:00,true,0.00
2021-12-13 22:37:32,2021-12-14 06:09:43,0.81,0.89,Normal,100.90,82.00,27130.30,24236.40,542.60,2021-12-14 05:40:00,2021-12-14 06:10:00,true,0.00
2021-12-15 00:30:26,2021-12-15 07:33:36,0.77,0.82,Normal,100.90,72.70,25390.10,21243.10,507.80,2021-12-15 07:05:00,2021-12-15 07:35:00,true,0.00
2021-12-15 22:40:57,2021-12-16 06:04:25,0.77,0.76,Normal,100.90,93.90,26608.00,22350.70,1419.10,2021-12-16 05:35:00,2021-12-16 06:05:00,true,0.00
2021-12-17 03:45:32,2021-12-17 07:25:04,0.40,0.64,Normal,100.70,65.50,13172.00,10405.90,922.00,2021-12-17 07:20:00,2021-12-17 07:50:00,true,0.00
2021-12-19 23:11:12,2021-12-20 07:25:49,0.86,0.62,Normal,101.20,89.40,29676.70,25620.90,1286.00,2021-12-20 07:00:00,2021-12-20 07:30:00,true,0.00
2021-12-20 22:44:32,2021-12-21 06:15:38,0.82,0.87,Normal,101.00,70.00,27066.10,21562.70,2345.70,2021-12-21 05:45:00,2021-12-21 06:15:00,true,0.00
2021-12-21 22:54:45,2021-12-22 06:12:25,0.76,0.92,Normal,100.80,93.70,26259.20,23195.60,3063.60,2021-12-22 05:45:00,2021-12-22 06:15:00,true,0.00
2021-12-22 23:46:57,2021-12-23 05:52:00,0.57,0.92,Normal,100.30,137.20,21903.20,16573.40,438.10,2021-12-23 05:25:00,2021-12-23 05:55:00,true,60.00
2021-12-23 22:58:49,2021-12-24 07:02:02,0.58,0.91,Normal,100.60,255.70,28993.10,23097.80,579.90,2021-12-24 07:05:00,2021-12-24 07:35:00,true,0.00
2021-12-27 00:20:05,2021-12-27 07:30:39,0.75,0.85,Normal,100.80,93.40,25833.70,21700.30,516.70,2021-12-27 07:00:00,2021-12-27 07:30:00,true,0.00
2021-12-28 01:00:58,2021-12-28 07:52:30,0.80,0.91,Normal,100.80,37.50,24691.90,19671.20,3950.70,2021-12-28 07:30:00,2021-12-28 07:30:00,true,180.00
2021-12-29 03:01:29,2021-12-29 08:27:21,0.62,0.85,Normal,101.00,42.30,19551.50,15771.50,391.00,2021-12-29 08:05:00,2021-12-29 08:05:00,true,60.00
2021-12-29 23:40:03,2021-12-30 07:52:21,0.93,0.79,Normal,101.00,44.80,29538.10,25205.80,1870.70,2021-12-30 07:30:00,2021-12-30 08:00:00,true,0.00
2022-01-02 22:19:50,2022-01-03 07:40:41,0.84,0.00,Normal,101.00,143.30,33650.90,32977.90,673.00,2022-01-03 07:10:00,2022-01-03 07:40:00,true,0.00
2022-01-03 22:31:36,2022-01-04 07:41:27,0.95,0.98,Normal,100.90,84.50,32990.50,30681.20,659.80,2022-01-04 07:05:00,2022-01-04 07:35:00,true,0.00
2022-01-04 22:32:01,2022-01-05 06:32:32,0.85,0.94,Normal,100.80,84.90,28831.00,25755.70,576.60,2022-01-05 06:05:00,2022-01-05 06:35:00,true,0.00
2022-01-06 23:42:28,2022-01-07 07:30:22,0.77,0.86,Normal,100.50,115.60,28074.20,23956.70,1310.10,2022-01-07 07:00:00,2022-01-07 07:30:00,true,60.00
2022-01-08 00:25:38,2022-01-08 09:23:32,0.85,0.80,Normal,100.60,136.00,32273.80,27432.70,645.50,2022-01-08 09:00:00,2022-01-08 09:30:00,true,60.00
2022-01-09 03:58:35,2022-01-09 11:38:22,0.71,0.65,No alarm,100.80,147.00,27586.70,21977.40,551.70,,,true,60.00
2022-01-09 23:23:17,2022-01-10 07:23:19,0.79,0.52,Normal,100.90,119.30,28801.70,25153.50,576.00,2022-01-10 07:05:00,2022-01-10 07:35:00,true,120.00
2022-01-10 22:21:38,2022-01-11 06:04:35,0.83,0.53,Normal,100.80,77.80,27777.60,23425.80,1574.10,2022-01-11 05:35:00,2022-01-11 06:05:00,true,0.00
2022-01-11 23:28:31,2022-01-12 06:29:59,0.77,0.65,Normal,100.80,67.80,25288.70,20736.70,1854.50,2022-01-12 06:00:00,2022-01-12 06:30:00,true,0.00
2022-01-13 01:38:09,2022-01-13 07:45:08,0.74,0.80,Normal,101.00,16.10,22018.70,19229.60,1027.50,2022-01-13 07:30:00,2022-01-13 07:30:00,true,180.00
2022-01-13 22:37:38,2022-01-14 06:11:13,0.84,0.74,Normal,101.50,63.30,27215.20,23042.20,1360.80,2022-01-14 05:40:00,2022-01-14 06:10:00,true,0.00
2022-01-17 22:48:58,2022-01-18 06:35:43,0.84,0.00,Normal,101.20,74.40,28005.50,22497.80,1960.40,2022-01-18 06:05:00,2022-01-18 06:35:00,true,0.00
2022-01-19 01:31:20,2022-01-19 07:46:40,0.67,0.68,Normal,101.30,75.40,22519.90,16139.20,450.40,2022-01-19 07:20:00,2022-01-19 07:50:00,true,0.00
2022-01-19 23:08:40,2022-01-20 07:36:17,0.91,0.73,Normal,101.40,75.40,30457.50,23655.30,1218.30,2022-01-20 07:10:00,2022-01-20 07:40:00,true,0.00
2022-01-20 23:33:45,2022-01-21 07:34:54,0.87,0.81,Normal,101.10,70.60,28868.60,24923.20,2213.30,2022-01-21 07:05:00,2022-01-21 07:35:00,true,0.00
2022-01-22 05:23:27,2022-01-22 10:09:12,0.36,0.68,Normal,101.00,220.30,17144.90,13487.30,342.90,2022-01-22 11:55:00,2022-01-22 12:25:00,true,0.00
2022-01-23 22:59:40,2022-01-24 07:43:34,0.91,0.28,Normal,101.10,92.80,31433.90,26090.10,2095.60,2022-01-24 07:15:00,2022-01-24 07:45:00,true,60.00
2022-01-24 22:37:58,2022-01-25 06:00:34,0.82,0.55,Normal,101.00,58.40,26555.40,21686.90,1593.30,2022-01-25 05:30:00,2022-01-25 06:00:00,true,0.00
2022-01-26 01:44:29,2022-01-26 07:50:19,0.65,0.71,Normal,100.90,77.50,21950.00,16535.60,439.00,2022-01-26 07:20:00,2022-01-26 07:50:00,true,0.00
2022-01-27 23:34:06,2022-01-28 07:36:23,0.77,0.69,Normal,100.70,126.90,28936.80,25464.40,578.70,2022-01-28 07:10:00,2022-01-28 07:40:00,true,0.00
2022-01-31 22:37:38,2022-02-01 06:39:58,0.88,0.00,Normal,100.80,69.40,28940.50,21512.40,1640.00,2022-02-01 06:10:00,2022-02-01 06:40:00,true,0.00
2022-02-01 23:08:11,2022-02-02 07:01:19,0.79,0.93,Normal,101.10,106.10,28388.40,24603.30,1987.20,2022-02-02 06:45:00,2022-02-02 07:15:00,true,60.00
2022-02-02 23:05:32,2022-02-03 06:40:12,0.86,0.95,Normal,101.20,50.80,27280.10,21460.30,1182.10,2022-02-03 06:10:00,2022-02-03 06:40:00,true,0.00
2022-02-04 00:13:33,2022-02-04 07:00:46,0.67,0.92,Normal,100.90,115.80,24433.00,23944.40,488.70,2022-02-04 07:00:00,2022-02-04 07:30:00,true,60.00
2022-02-05 09:13:57,2022-02-05 14:50:50,0.61,-0.01,Normal,100.90,69.90,20213.40,15429.60,1886.60,2022-02-05 14:45:00,2022-02-05 15:15:00,true,60.00
2022-02-06 00:56:32,2022-02-06 08:39:58,0.81,0.84,No alarm,100.90,81.70,27805.80,23356.90,2224.50,,,true,120.00
2022-02-06 23:38:24,2022-02-07 08:06:29,0.86,0.82,Normal,100.90,79.90,30484.70,25708.80,914.50,2022-02-07 07:40:00,2022-02-07 08:10:00,true,180.00
2022-02-07 22:59:37,2022-02-08 07:10:56,0.87,0.86,Normal,100.80,54.80,29479.80,22502.90,589.60,2022-02-08 06:45:00,2022-02-08 07:15:00,true,0.00
2022-02-08 23:50:43,2022-02-09 07:54:34,0.82,0.86,Normal,100.80,73.70,29030.90,24773.00,580.60,2022-02-09 07:25:00,2022-02-09 07:55:00,true,0.00
2022-02-10 22:43:04,2022-02-11 07:07:36,0.90,0.85,Normal,101.00,59.20,30271.80,27345.60,605.40,2022-02-11 06:45:00,2022-02-11 07:15:00,true,180.00
2022-02-12 00:23:27,2022-02-12 07:15:01,0.66,0.85,Normal,100.90,84.30,24694.90,19755.90,1070.10,2022-02-12 06:45:00,2022-02-12 07:15:00,true,60.00
2022-02-16 00:30:32,2022-02-16 05:20:51,0.58,0.00,Normal,100.80,1.60,17418.60,12541.40,812.90,2022-02-16 04:50:00,2022-02-16 05:20:00,true,60.00
2022-02-17 01:25:29,2022-02-17 08:13:59,0.80,0.68,Normal,100.80,13.20,24510.10,20997.00,980.40,2022-02-17 08:00:00,2022-02-17 08:30:00,true,60.00
2022-02-19 00:47:24,2022-02-19 07:56:27,0.80,0.80,Normal,100.50,28.90,25743.80,22225.50,514.90,2022-02-19 07:45:00,2022-02-19 08:15:00,true,60.00
2022-02-19 23:37:03,2022-02-20 08:37:11,0.98,0.88,Normal,100.90,36.00,32408.00,27546.80,648.20,2022-02-20 08:10:00,2022-02-20 08:40:00,true,60.00
2022-02-21 01:12:22,2022-02-21 07:51:40,0.56,0.83,Normal,101.20,106.60,23957.30,18926.30,3034.60,2022-02-21 07:30:00,2022-02-21 08:00:00,true,120.00
2022-02-22 00:58:08,2022-02-22 05:53:24,0.41,0.82,Normal,101.20,120.00,17716.40,13464.50,3897.60,2022-02-22 05:30:00,2022-02-22 06:00:00,true,120.00
2022-02-23 00:19:22,2022-02-23 07:44:58,0.61,0.80,Normal,101.10,133.10,26735.70,22458.00,1693.30,2022-02-23 07:30:00,2022-02-23 08:00:00,true,120.00
2022-02-25 00:34:32,2022-02-25 07:26:00,0.62,0.87,Normal,101.20,110.50,24688.50,20902.90,493.80,2022-02-25 07:00:00,2022-02-25 07:30:00,true,60.00
2022-03-01 22:48:16,2022-03-02 07:01:00,0.65,0.00,Normal,101.10,159.50,29563.40,23749.20,591.30,2022-03-02 07:00:00,2022-03-02 07:30:00,true,60.00
2022-03-02 23:58:16,2022-03-03 06:28:07,0.66,0.86,Normal,101.10,83.00,23391.10,18946.80,467.80,2022-03-03 06:00:00,2022-03-03 06:30:00,true,0.00
2022-03-03 22:59:55,2022-03-04 06:11:16,0.70,0.88,Normal,101.10,94.00,25880.80,23551.50,517.60,2022-03-04 05:40:00,2022-03-04 06:10:00,true,130.20
2022-03-06 22:04:21,2022-03-07 06:03:51,0.72,0.91,Normal,101.00,121.70,28770.10,26084.90,575.40,2022-03-07 06:00:00,2022-03-07 06:30:00,true,180.00
2022-03-07 22:59:37,2022-03-08 05:56:46,0.74,0.91,Normal,101.10,69.30,25029.10,18271.20,1168.00,2022-03-08 05:30:00,2022-03-08 06:00:00,true,0.00
2022-03-09 01:48:19,2022-03-09 06:21:41,0.49,0.82,Normal,101.00,60.00,16401.50,14105.30,328.00,2022-03-09 05:50:00,2022-03-09 06:20:00,true,0.00
2022-03-09 22:35:39,2022-03-10 05:50:28,0.79,0.78,Normal,101.20,56.90,26088.60,22262.30,521.80,2022-03-10 05:20:00,2022-03-10 05:50:00,true,0.00
2022-03-10 22:46:03,2022-03-11 05:50:43,0.77,0.80,Normal,101.10,59.40,25479.50,19704.20,509.60,2022-03-11 05:20:00,2022-03-11 05:50:00,true,60.00
2022-03-12 22:58:45,2022-03-13 08:52:40,0.84,0.86,No alarm,101.10,108.10,35635.10,32190.40,1781.80,,,true,0.00
2022-03-13 22:44:29,2022-03-14 06:28:42,0.65,0.75,Normal,101.00,143.60,27853.50,23489.80,4363.70,2022-03-14 06:00:00,2022-03-14 06:30:00,true,0.00
2022-03-14 22:53:51,2022-03-15 05:46:15,0.75,0.85,Normal,100.90,59.20,24744.20,20207.70,824.80,2022-03-15 05:15:00,2022-03-15 05:45:00,true,0.00
2022-03-16 00:04:29,2022-03-16 06:20:20,0.59,0.85,Normal,101.00,107.70,22551.70,18492.40,1277.90,2022-03-16 05:55:00,2022-03-16 06:25:00,true,0.00
2022-03-17 00:57:55,2022-03-17 06:30:51,0.64,0.90,Normal,101.20,42.70,19976.20,15514.90,399.50,2022-03-17 06:00:00,2022-03-17 06:30:00,true,0.00
2022-03-17 22:28:39,2022-03-18 05:58:18,0.81,0.84,Normal,101.30,62.20,26978.80,23381.60,1079.20,2022-03-18 05:30:00,2022-03-18 06:00:00,true,0.00
2022-03-20 22:28:01,2022-03-21 06:27:21,0.61,0.96,Normal,101.10,173.40,28759.40,24924.90,575.20,2022-03-21 06:00:00,2022-03-21 06:30:00,true,0.00
2022-03-21 22:59:15,2022-03-22 05:58:21,0.71,0.92,Normal,101.40,83.90,25145.60,20787.00,754.40,2022-03-22 05:30:00,2022-03-22 06:00:00,true,60.00
2022-03-22 22:40:16,2022-03-23 05:30:06,0.75,0.93,Normal,101.50,60.50,24589.50,21065.00,491.80,2022-03-23 05:00:00,2022-03-23 05:30:00,true,0.00
2022-03-23 22:50:10,2022-03-24 05:31:05,0.72,0.95,Normal,101.30,67.00,24055.20,18682.90,1042.40,2022-03-24 05:00:00,2022-03-24 05:30:00,true,0.00
2022-03-24 22:59:09,2022-03-25 06:00:06,0.76,0.96,Normal,101.20,65.10,25257.60,20963.80,1599.70,2022-03-25 05:30:00,2022-03-25 06:00:00,true,0.00
2022-03-27 21:57:55,2022-03-28 06:17:36,0.82,0.89,Normal,101.10,95.10,29981.40,25884.00,1898.80,2022-03-28 05:50:00,2022-03-28 06:20:00,true,60.00
2022-03-28 23:05:52,2022-03-29 05:30:49,0.69,0.84,Normal,101.20,64.40,23097.10,18708.60,461.90,2022-03-29 05:00:00,2022-03-29 05:30:00,true,0.00
2022-03-29 22:43:48,2022-03-30 05:30:16,0.76,0.90,Normal,101.10,51.30,24388.40,20161.10,975.50,2022-03-30 05:00:00,2022-03-30 05:30:00,true,60.00
2022-03-31 00:21:55,2022-03-31 06:25:33,0.66,0.87,Normal,100.80,63.30,21817.80,18036.10,800.00,2022-03-31 05:55:00,2022-03-31 06:25:00,true,0.00
2022-04-01 00:42:41,2022-04-01 06:31:00,0.66,0.91,Normal,101.10,46.90,20898.90,16370.80,1253.90,2022-04-01 06:00:00,2022-04-01 06:30:00,true,0.00
2022-04-03 21:30:56,2022-04-04 06:01:03,0.80,0.69,Normal,101.30,104.10,30607.20,24791.80,1428.30,2022-04-04 05:30:00,2022-04-04 06:00:00,true,180.00
2022-04-04 22:34:13,2022-04-05 05:25:51,0.75,0.86,Normal,101.20,60.90,24697.90,18441.10,2140.50,2022-04-05 04:55:00,2022-04-05 05:25:00,true,60.00
2022-04-05 22:38:48,2022-04-06 05:20:52,0.74,0.92,Normal,101.00,54.90,24123.80,19942.40,1206.20,2022-04-06 04:50:00,2022-04-06 05:20:00,true,0.00
2022-04-06 23:09:37,2022-04-07 06:11:48,0.77,0.91,Normal,101.10,59.80,25330.50,21362.10,506.60,2022-04-07 05:40:00,2022-04-07 06:10:00,true,0.00
2022-04-08 01:33:51,2022-04-08 06:36:13,0.57,0.88,Normal,101.10,46.00,18141.90,15481.10,1088.50,2022-04-08 06:05:00,2022-04-08 06:35:00,true,0.00
2022-04-10 01:35:51,2022-04-10 10:04:40,0.81,0.74,No alarm,100.60,99.80,30528.90,25033.70,1221.20,,,true,60.00
2022-04-10 22:19:30,2022-04-11 06:00:31,0.64,0.55,Normal,100.80,136.60,27660.80,25079.10,553.20,2022-04-11 05:30:00,2022-04-11 06:00:00,true,180.00
2022-04-11 22:18:14,2022-04-12 06:27:46,0.75,0.67,Normal,101.00,110.20,29371.80,24770.20,3622.50,2022-04-12 06:00:00,2022-04-12 06:30:00,true,60.00
2022-04-12 23:33:53,2022-04-13 06:35:34,0.67,0.74,Normal,100.90,101.70,25301.10,22939.70,590.40,2022-04-13 06:05:00,2022-04-13 06:35:00,true,60.00
2022-04-13 22:25:24,2022-04-14 06:15:44,0.80,0.91,Normal,100.60,82.70,28219.80,25021.50,2351.60,2022-04-14 05:45:00,2022-04-14 06:15:00,true,0.00
2022-04-17 23:04:19,2022-04-18 06:12:19,0.71,0.00,Normal,101.40,88.80,25680.30,22085.10,513.60,2022-04-18 05:45:00,2022-04-18 06:15:00,true,180.00
2022-04-18 22:29:10,2022-04-19 06:13:25,0.76,0.95,Normal,101.40,92.40,27855.20,22748.40,1485.60,2022-04-19 05:45:00,2022-04-19 06:15:00,true,60.00
2022-04-20 00:41:56,2022-04-20 07:16:11,0.72,0.84,Normal,101.30,59.70,23654.80,18529.60,2207.80,2022-04-20 06:45:00,2022-04-20 07:15:00,true,0.00
2022-04-21 22:26:46,2022-04-22 07:06:46,0.71,0.76,Normal,101.00,142.70,31199.90,23087.90,3432.00,2022-04-22 06:40:00,2022-04-22 07:10:00,true,60.00
2022-04-25 23:31:14,2022-04-26 06:06:08,0.73,0.00,Normal,101.40,58.50,23694.40,18402.70,2685.40,2022-04-26 05:35:00,2022-04-26 06:05:00,true,180.00
2022-04-26 22:40:20,2022-04-27 05:29:31,0.71,0.88,Normal,101.30,79.00,24550.70,19722.40,2536.90,2022-04-27 05:10:00,2022-04-27 05:40:00,true,60.00
2022-04-27 22:41:03,2022-04-28 05:40:23,0.75,0.93,Normal,101.50,67.00,25160.10,18534.60,1509.60,2022-04-28 05:15:00,2022-04-28 05:45:00,true,0.00
2022-04-28 22:17:52,2022-04-29 05:51:01,0.82,0.94,Normal,101.50,66.00,27188.30,19031.80,3715.70,2022-04-29 05:20:00,2022-04-29 05:50:00,true,0.00
2022-05-01 00:45:33,2022-05-01 09:42:17,0.82,0.71,No alarm,101.30,112.60,32203.60,28768.60,644.10,,,true,423.90
2022-05-01 23:20:45,2022-05-02 06:16:40,0.63,0.54,Normal,101.20,116.90,24954.60,22375.90,1913.20,2022-05-02 05:50:00,2022-05-02 06:20:00,true,654.10
2022-05-02 22:33:52,2022-05-03 05:30:06,0.75,0.73,Normal,101.20,67.30,24973.60,22143.20,499.50,2022-05-03 05:00:00,2022-05-03 05:30:00,true,60.00
2022-05-03 23:27:23,2022-05-04 05:27:55,0.66,0.80,Normal,101.10,60.30,21632.00,18675.70,865.30,2022-05-04 05:00:00,2022-05-04 05:30:00,true,60.00
2022-05-05 00:03:34,2022-05-05 06:33:33,0.68,0.88,Normal,100.90,77.40,23398.60,19342.80,468.00,2022-05-05 06:05:00,2022-05-05 06:35:00,true,300.00
2022-05-05 22:32:00,2022-05-06 05:36:18,0.83,0.86,Normal,101.30,40.50,25458.40,19942.40,848.60,2022-05-06 05:05:00,2022-05-06 05:35:00,true,60.00
2022-05-07 03:12:40,2022-05-07 09:30:11,0.61,0.65,No alarm,101.50,95.40,22650.10,18195.60,830.50,,,true,60.00
2022-05-08 21:59:52,2022-05-09 06:09:19,0.85,0.29,Normal,101.60,76.00,29367.20,25843.10,978.90,2022-05-09 05:45:00,2022-05-09 06:15:00,true,180.00
2022-05-09 22:07:22,2022-05-10 06:09:52,0.84,0.64,Normal,101.50,77.30,28949.60,24124.70,2219.50,2022-05-10 05:40:00,2022-05-10 06:10:00,true,60.00
2022-05-11 22:30:46,2022-05-12 06:00:48,0.87,0.97,Normal,100.90,42.90,27001.60,20251.20,2970.20,2022-05-12 05:30:00,2022-05-12 06:00:00,true,0.00
2022-05-12 22:32:29,2022-05-13 06:05:40,0.85,0.97,Normal,101.30,52.90,27191.40,20393.60,543.80,2022-05-13 05:35:00,2022-05-13 06:05:00,true,60.00
2022-05-15 22:06:58,2022-05-16 06:26:42,0.79,0.94,Normal,101.10,102.20,29983.80,25985.90,599.70,2022-05-16 06:00:00,2022-05-16 06:30:00,true,180.00
2022-05-16 22:33:46,2022-05-17 05:35:25,0.77,0.89,Normal,101.00,62.20,25299.40,21757.50,1265.00,2022-05-17 05:05:00,2022-05-17 05:35:00,true,0.00
2022-05-17 22:43:14,2022-05-18 05:30:51,0.79,0.94,Normal,100.70,44.70,24456.70,19157.80,1385.90,2022-05-18 05:00:00,2022-05-18 05:30:00,true,0.00
2022-05-19 22:43:11,2022-05-20 05:45:54,0.81,0.89,Normal,101.20,47.40,25363.00,19106.80,1099.10,2022-05-20 05:15:00,2022-05-20 05:45:00,true,180.00
2022-05-21 02:13:30,2022-05-21 09:52:08,0.71,0.68,Normal,101.70,103.90,27517.70,20913.40,550.40,2022-05-21 10:15:00,2022-05-21 10:45:00,true,0.00
2022-05-23 22:06:56,2022-05-24 06:08:24,0.90,0.35,Normal,101.90,53.60,28887.50,21665.60,1829.50,2022-05-24 05:40:00,2022-05-24 06:10:00,true,0.00
2022-05-24 23:08:25,2022-05-25 05:27:55,0.74,0.86,Normal,102.10,40.70,22770.20,18368.00,1214.40,2022-05-25 05:00:00,2022-05-25 05:30:00,true,60.00
2022-05-25 22:56:22,2022-05-26 05:15:35,0.71,0.91,Normal,102.10,52.90,22753.50,18657.80,1668.60,2022-05-26 04:45:00,2022-05-26 05:15:00,true,0.00
2022-05-27 00:37:08,2022-05-27 06:40:42,0.69,0.86,Normal,101.90,49.80,21813.40,17959.70,436.30,2022-05-27 06:10:00,2022-05-27 06:40:00,true,0.00
2022-05-29 21:55:57,2022-05-30 06:20:53,0.86,0.75,Normal,101.20,77.80,30295.30,23731.30,1716.70,2022-05-30 05:55:00,2022-05-30 06:25:00,true,240.00
2022-05-30 22:48:01,2022-05-31 05:20:33,0.71,0.84,Normal,100.90,62.50,23551.90,19469.50,942.10,2022-05-31 04:50:00,2022-05-31 05:20:00,true,60.00
2022-05-31 22:51:07,2022-06-01 05:25:26,0.76,0.92,Normal,101.20,43.20,23659.10,19163.80,1656.10,2022-06-01 04:55:00,2022-06-01 05:25:00,true,0.00
2022-06-01 23:54:01,2022-06-02 05:58:05,0.66,0.90,Normal,101.20,62.20,21843.70,18421.50,946.60,2022-06-02 05:30:00,2022-06-02 06:00:00,true,0.00
2022-06-02 22:35:24,2022-06-03 05:15:06,0.77,0.90,Normal,101.20,44.20,23981.30,17506.40,1119.10,2022-06-03 04:45:00,2022-06-03 05:15:00,true,120.00
2022-06-04 22:52:28,2022-06-05 08:41:11,0.80,0.76,No alarm,101.80,112.30,35322.80,30730.80,706.50,,,true,180.00
2022-06-05 22:02:35,2022-06-06 06:30:26,0.67,0.72,Normal,101.80,139.70,30470.70,26712.60,609.40,2022-06-06 06:00:00,2022-06-06 06:30:00,true,180.00
2022-06-06 22:30:18,2022-06-07 05:15:03,0.74,0.80,Normal,101.40,60.30,24285.50,18780.80,1295.20,2022-06-07 04:45:00,2022-06-07 05:15:00,true,60.00
2022-06-07 23:26:42,2022-06-08 05:30:09,0.68,0.84,Normal,100.90,53.90,21807.00,16936.80,1526.50,2022-06-08 05:00:00,2022-06-08 05:30:00,true,0.00
2022-06-10 00:10:09,2022-06-10 06:39:28,0.69,0.87,Normal,101.40,66.80,23359.60,19077.00,1090.10,2022-06-10 06:10:00,2022-06-10 06:40:00,true,0.00
2022-06-11 02:48:03,2022-06-11 09:36:04,0.74,0.69,Normal,101.10,62.70,24480.40,21624.40,489.60,2022-06-11 09:50:00,2022-06-11 10:20:00,true,120.00
2022-06-12 05:54:27,2022-06-12 11:59:50,0.61,0.54,No alarm,101.20,84.80,21922.90,18999.80,438.50,,,true,180.00
2022-06-12 23:00:31,2022-06-13 06:13:18,0.31,0.34,Normal,101.40,395.60,25966.70,22417.90,519.30,2022-06-13 05:45:00,2022-06-13 06:15:00,true,60.00
2022-06-13 22:35:02,2022-06-14 05:04:54,0.71,0.45,Normal,101.70,53.40,23392.20,18323.90,1247.60,2022-06-14 04:35:00,2022-06-14 05:05:00,true,60.00
2022-06-14 22:45:40,2022-06-15 05:19:30,0.74,0.59,Normal,101.90,40.30,23629.90,20242.90,1732.90,2022-06-15 04:50:00,2022-06-15 05:20:00,true,60.00
2022-06-16 23:37:32,2022-06-17 06:30:15,0.73,0.90,Normal,101.40,67.90,24762.60,18489.40,495.30,2022-06-17 06:00:00,2022-06-17 06:30:00,true,0.00
2022-06-17 23:17:34,2022-06-18 02:47:36,0.38,0.75,No alarm,101.10,54.00,12601.70,7015.00,1176.20,,,false,0.00
2022-06-19 22:38:15,2022-06-20 06:10:44,0.74,0.66,Normal,101.90,96.20,27148.50,22442.80,1900.40,2022-06-20 05:40:00,2022-06-20 06:10:00,true,300.00
2022-06-20 22:19:09,2022-06-21 05:21:00,0.70,0.78,Normal,101.80,90.20,25310.80,21767.30,1012.40,2022-06-21 04:50:00,2022-06-21 05:20:00,true,120.00
2022-06-21 22:52:18,2022-06-22 05:20:04,0.67,0.93,Normal,101.60,74.90,23265.80,16441.20,465.30,2022-06-22 04:50:00,2022-06-22 05:20:00,true,0.00
2022-06-23 22:40:19,2022-06-24 05:19:33,0.74,0.97,Normal,101.60,46.60,23953.60,18444.30,1038.00,2022-06-24 04:50:00,2022-06-24 05:20:00,true,0.00
2022-06-26 02:53:43,2022-06-26 10:14:44,0.71,0.24,No alarm,101.30,101.60,26461.60,23815.40,529.20,,,true,60.00
2022-06-26 22:33:28,2022-06-27 06:31:17,0.73,0.28,Normal,101.80,122.20,28668.40,24081.50,2102.40,2022-06-27 06:00:00,2022-06-27 06:30:00,true,240.00
2022-06-27 21:44:39,2022-06-28 05:16:01,0.80,0.58,Normal,101.90,67.20,27081.60,22116.70,1986.00,2022-06-28 04:45:00,2022-06-28 05:15:00,true,0.00
2022-06-28 23:23:50,2022-06-29 05:30:37,0.67,0.67,Normal,101.70,52.00,22007.20,18266.00,440.10,2022-06-29 05:00:00,2022-06-29 05:30:00,true,0.00
2022-06-29 22:43:06,2022-06-30 06:45:53,0.86,0.84,Normal,101.30,65.70,28967.00,23077.00,1351.80,2022-06-30 06:15:00,2022-06-30 06:45:00,true,240.00
2022-07-01 00:02:45,2022-07-01 05:35:46,0.61,0.82,Normal,101.70,53.20,19981.10,15851.70,399.60,2022-07-01 05:05:00,2022-07-01 05:35:00,true,0.00
2022-07-05 01:25:23,2022-07-05 06:30:38,0.56,0.00,Normal,101.80,50.30,18315.10,12820.60,366.30,2022-07-05 06:00:00,2022-07-05 06:30:00,true,0.00
2022-07-05 22:17:23,2022-07-06 05:31:17,0.76,0.66,Normal,101.80,69.80,26033.60,21000.50,954.60,2022-07-06 05:00:00,2022-07-06 05:30:00,true,0.00
2022-07-06 23:59:59,2022-07-07 06:10:43,0.66,0.73,Normal,101.70,64.80,22243.50,17201.60,444.90,2022-07-07 05:40:00,2022-07-07 06:10:00,true,0.00
2022-07-08 00:47:23,2022-07-08 06:20:24,0.61,0.79,Normal,101.90,55.40,19981.00,16784.00,399.60,2022-07-08 05:50:00,2022-07-08 06:20:00,true,60.00
2022-07-11 21:47:23,2022-07-12 05:30:45,0.79,0.00,Normal,101.60,79.90,27802.00,24465.80,1390.10,2022-07-12 05:00:00,2022-07-12 05:30:00,true,0.00
2022-07-12 23:41:18,2022-07-13 06:45:17,0.74,0.74,Normal,101.50,73.70,25438.30,21029.00,763.20,2022-07-13 06:15:00,2022-07-13 06:45:00,true,0.00
2022-07-14 00:04:02,2022-07-14 06:34:59,0.69,0.85,Normal,101.80,66.20,23457.00,18609.20,2189.30,2022-07-14 06:05:00,2022-07-14 06:35:00,true,0.00
2022-07-14 23:29:57,2022-07-15 06:31:11,0.78,0.88,Normal,101.70,48.80,25273.40,20808.50,674.00,2022-07-15 06:00:00,2022-07-15 06:30:00,true,0.00
2022-07-17 23:27:16,2022-07-18 06:01:09,0.62,0.95,Normal,101.80,105.80,23632.80,19930.40,472.70,2022-07-18 05:30:00,2022-07-18 06:00:00,true,120.00
2022-07-18 22:02:49,2022-07-19 05:26:44,0.77,0.83,Normal,102.00,75.50,26635.40,21130.80,1331.80,2022-07-19 04:55:00,2022-07-19 05:25:00,true,0.00
2022-07-20 00:53:49,2022-07-20 06:21:36,0.61,0.76,Normal,101.70,47.30,19666.90,13963.50,393.30,2022-07-20 05:55:00,2022-07-20 06:25:00,true,60.00
2022-07-20 22:32:13,2022-07-21 05:35:15,0.79,0.75,Normal,101.70,47.00,25381.70,19713.10,1269.10,2022-07-21 05:05:00,2022-07-21 05:35:00,true,0.00
2022-07-21 22:52:06,2022-07-22 05:20:58,0.68,0.79,Normal,101.60,67.70,23332.10,20687.80,466.60,2022-07-22 04:50:00,2022-07-22 05:20:00,true,0.00
2022-07-23 04:08:29,2022-07-23 12:11:08,0.57,0.56,No alarm,101.50,190.50,28958.60,24518.30,579.20,,,true,0.00
2022-07-24 00:25:13,2022-07-24 07:29:02,0.71,0.41,Normal,101.70,87.30,25429.70,23564.80,678.10,2022-07-24 07:00:00,2022-07-24 07:30:00,true,0.00
2022-07-24 21:48:02,2022-07-25 06:19:21,0.83,0.32,Normal,101.80,98.30,30678.80,25565.70,715.80,2022-07-25 05:50:00,2022-07-25 06:20:00,true,180.00
2022-07-25 22:31:07,2022-07-26 05:36:22,0.74,0.62,Normal,101.80,74.20,25515.10,22453.30,510.30,2022-07-26 05:05:00,2022-07-26 05:35:00,true,0.00
2022-07-26 22:41:19,2022-07-27 05:32:57,0.75,0.85,Normal,101.90,55.50,24697.50,22063.10,1481.80,2022-07-27 05:05:00,2022-07-27 05:35:00,true,0.00
2022-07-28 00:16:45,2022-07-28 06:49:35,0.72,0.87,Normal,101.60,53.80,23570.00,18698.80,864.20,2022-07-28 06:20:00,2022-07-28 06:50:00,true,0.00
2022-07-28 22:33:10,2022-07-29 05:25:40,0.76,0.83,Normal,101.20,49.70,24750.00,19222.50,1402.50,2022-07-29 04:55:00,2022-07-29 05:25:00,true,0.00
2022-07-31 23:37:33,2022-08-01 06:39:44,0.60,0.81,Normal,101.70,138.90,25331.20,22460.30,1351.00,2022-08-01 06:10:00,2022-08-01 06:40:00,true,60.00
2022-08-01 22:19:54,2022-08-02 05:30:45,0.72,0.80,Normal,101.50,86.40,25850.70,22834.80,517.00,2022-08-02 05:00:00,2022-08-02 05:30:00,true,0.00
2022-08-03 01:44:32,2022-08-03 06:45:41,0.58,0.70,Normal,101.40,31.10,18069.10,13732.50,1204.60,2022-08-03 06:15:00,2022-08-03 06:45:00,true,0.00
2022-08-03 23:55:40,2022-08-04 06:25:07,0.62,0.74,Normal,101.50,103.10,23366.20,20017.00,1090.40,2022-08-04 05:55:00,2022-08-04 06:25:00,true,0.00
2022-08-04 23:01:18,2022-08-05 05:25:48,0.72,0.76,Normal,101.20,44.90,23069.80,17071.70,1461.10,2022-08-05 04:55:00,2022-08-05 05:25:00,true,0.00
2022-08-08 22:28:50,2022-08-09 05:20:03,0.74,0.64,Normal,101.30,59.90,24673.50,17353.70,658.00,2022-08-09 04:50:00,2022-08-09 05:20:00,true,0.00
2022-08-09 23:43:04,2022-08-10 06:14:08,0.65,0.82,Normal,101.30,86.30,23463.90,18771.10,2111.80,2022-08-10 05:45:00,2022-08-10 06:15:00,true,60.00
2022-08-10 22:26:30,2022-08-11 06:30:56,0.86,0.85,Normal,100.70,66.00,29065.30,23639.80,968.80,2022-08-11 06:00:00,2022-08-11 06:30:00,true,0.00
2022-08-11 21:55:56,2022-08-12 06:12:48,0.87,0.87,Normal,101.60,69.80,29812.80,26235.20,1291.90,2022-08-12 06:00:00,2022-08-12 06:30:00,true,0.00
2022-08-14 22:21:59,2022-08-15 06:20:47,0.75,0.95,Normal,101.90,107.80,28728.50,22408.20,957.60,2022-08-15 05:55:00,2022-08-15 06:25:00,true,60.00
2022-08-15 22:04:45,2022-08-16 05:26:15,0.78,0.90,Normal,101.60,69.40,26489.40,24017.10,1766.00,2022-08-16 04:55:00,2022-08-16 05:25:00,true,0.00
2022-08-16 22:45:10,2022-08-17 05:51:05,0.73,0.90,Normal,101.40,77.40,25554.60,21210.30,511.10,2022-08-17 05:20:00,2022-08-17 05:50:00,true,60.00
2022-08-18 02:02:02,2022-08-18 06:36:19,0.48,0.82,Normal,101.40,68.70,16457.10,13330.20,329.10,2022-08-18 06:05:00,2022-08-18 06:35:00,true,242.20
2022-08-18 21:46:29,2022-08-19 05:22:11,0.84,0.71,Normal,101.60,51.10,27341.80,23240.60,2369.60,2022-08-19 04:50:00,2022-08-19 05:20:00,true,0.00
2022-08-21 21:36:36,2022-08-22 06:07:47,0.79,0.92,Normal,102.20,113.30,30671.10,28626.40,613.40,2022-08-22 05:40:00,2022-08-22 06:10:00,true,75.10
2022-08-22 23:09:41,2022-08-23 06:10:42,0.78,0.87,Normal,102.00,48.40,25260.90,20461.30,1347.20,2022-08-23 05:40:00,2022-08-23 06:10:00,true,0.00
2022-08-23 22:52:59,2022-08-24 05:25:41,0.74,0.89,Normal,101.90,43.30,23561.80,18299.70,1021.00,2022-08-24 04:55:00,2022-08-24 05:25:00,true,0.00
2022-08-24 23:40:34,2022-08-25 06:20:45,0.72,0.88,Normal,101.90,60.10,24010.50,19528.60,480.20,2022-08-25 05:50:00,2022-08-25 06:20:00,true,0.00
2022-08-25 22:43:48,2022-08-26 05:25:44,0.71,0.87,Normal,102.00,66.10,24116.00,18087.00,482.30,2022-08-26 04:55:00,2022-08-26 05:25:00,true,0.00
2022-08-29 01:29:53,2022-08-29 06:14:38,0.47,0.70,Normal,101.30,87.70,17085.00,13155.50,1708.50,2022-08-29 05:45:00,2022-08-29 06:15:00,true,0.00
2022-08-29 22:02:52,2022-08-30 06:07:58,0.86,0.70,Normal,102.10,67.60,29106.10,24449.10,1552.30,2022-08-30 05:55:00,2022-08-30 06:25:00,true,0.00
2022-08-30 23:56:34,2022-08-31 06:30:23,0.61,0.76,Normal,102.20,110.80,23628.20,19453.90,4174.30,2022-08-31 06:00:00,2022-08-31 06:30:00,true,180.00
2022-09-01 00:19:54,2022-09-01 07:30:54,0.81,0.80,Normal,102.10,44.90,25860.00,20515.60,517.20,2022-09-01 07:00:00,2022-09-01 07:30:00,true,0.00
2022-09-01 22:29:34,2022-09-02 06:25:23,0.86,0.82,Normal,101.90,57.10,28548.10,23124.00,571.00,2022-09-02 06:00:00,2022-09-02 06:30:00,true,0.00
2022-09-05 00:56:49,2022-09-05 07:01:30,0.54,0.75,Normal,102.00,122.60,21881.20,19255.40,802.30,2022-09-05 06:30:00,2022-09-05 07:00:00,true,0.00
2022-09-05 22:31:58,2022-09-06 06:33:46,0.86,0.76,Normal,102.30,64.30,28907.80,24186.20,1349.00,2022-09-06 06:05:00,2022-09-06 06:35:00,true,0.00
2022-09-11 23:12:17,2022-09-12 06:55:03,0.58,0.00,Normal,101.70,170.60,27766.60,23971.80,1018.10,2022-09-12 06:30:00,2022-09-12 07:00:00,true,0.00
2022-09-12 22:20:47,2022-09-13 06:05:32,0.81,0.86,Normal,101.40,71.00,27884.90,23609.20,1951.90,2022-09-13 05:35:00,2022-09-13 06:05:00,true,0.00
2022-09-13 22:26:18,2022-09-14 06:29:51,0.87,0.91,Normal,101.00,61.60,29012.50,23693.50,1450.60,2022-09-14 06:00:00,2022-09-14 06:30:00,true,0.00
2022-09-15 00:34:22,2022-09-15 07:34:02,0.77,0.85,Normal,101.30,52.70,25180.40,18969.30,1343.00,2022-09-15 07:05:00,2022-09-15 07:35:00,true,0.00
2022-09-15 22:32:08,2022-09-16 06:33:40,0.86,0.81,Normal,101.50,63.50,28892.00,25906.50,577.80,2022-09-16 06:05:00,2022-09-16 06:35:00,true,0.00
2022-09-18 01:15:07,2022-09-18 10:45:41,0.84,0.58,No alarm,101.60,110.20,34233.90,27843.60,684.70,,,true,420.00
2022-09-19 22:17:55,2022-09-20 05:49:19,0.78,0.34,Normal,101.30,75.50,27084.30,21216.00,1173.70,2022-09-20 05:20:00,2022-09-20 05:50:00,true,0.00
2022-09-20 22:34:52,2022-09-21 06:35:43,0.88,0.63,Normal,100.80,54.80,28850.90,21734.40,1442.50,2022-09-21 06:05:00,2022-09-21 06:35:00,true,0.00
2022-09-21 22:15:53,2022-09-22 06:00:11,0.84,0.92,Normal,100.90,60.90,27857.80,23493.40,1764.30,2022-09-22 05:30:00,2022-09-22 06:00:00,true,0.00
2022-09-26 22:20:12,2022-09-27 05:48:03,0.81,0.00,Normal,101.60,57.80,26870.40,21585.90,3045.30,2022-09-27 05:20:00,2022-09-27 05:50:00,true,60.00
2022-09-27 22:40:46,2022-09-28 06:22:12,0.81,0.92,Normal,101.30,70.40,27685.40,24086.30,922.80,2022-09-28 05:55:00,2022-09-28 06:25:00,true,60.00
2022-09-29 00:00:46,2022-09-29 06:30:06,0.28,0.90,Normal,101.20,547.80,23360.40,22270.20,467.20,2022-09-29 06:00:00,2022-09-29 06:30:00,true,0.00
2022-09-29 22:20:48,2022-09-30 05:56:03,0.80,0.87,Normal,101.50,70.50,27315.20,24310.50,546.30,2022-09-30 05:25:00,2022-09-30 05:55:00,true,0.00
2022-10-02 23:30:44,2022-10-03 07:33:29,0.82,0.77,Normal,101.30,82.30,28965.50,24813.80,579.30,2022-10-03 07:05:00,2022-10-03 07:35:00,true,360.00
2022-10-03 22:58:42,2022-10-04 07:00:11,0.88,0.91,Normal,101.10,52.00,28889.20,19644.60,1348.20,2022-10-04 06:30:00,2022-10-04 07:00:00,true,0.00
2022-10-04 21:50:24,2022-10-05 05:55:39,0.86,0.86,Normal,101.20,65.90,29115.70,25913.00,1552.80,2022-10-05 05:25:00,2022-10-05 05:55:00,true,0.00
2022-10-05 23:33:16,2022-10-06 07:25:04,0.80,0.82,Normal,101.30,87.20,28308.70,25289.10,566.20,2022-10-06 06:55:00,2022-10-06 07:25:00,true,0.00
